Samples,StandardMCMeanError,StratifiedMCMeanError
1000,0.042160,0.008594
10000,0.012500,0.001676
100000,0.003740,0.000243
1000000,0.001252,0.000050
